{
  "core-js": {
    "bundle": "polyfills",
    "version": "2.5.0"
  },
  "ts-helpers": {
    "bundle": "polyfills",
    "version": "1.1.2"
  },
  "@angular/platform-browser": {
    "bundle": "vendors",
    "version": "4.3.5"
  },
  "@angular/platform-browser-dynamic": {
    "bundle": "vendors",
    "version": "4.3.5"
  },
  "@angular/core": {
    "bundle": "vendors",
    "version": "4.3.5"
  },
  "@angular/common": {
    "bundle": "vendors",
    "version": "4.3.5"
  },
  "@angular/forms": {
    "bundle": "vendors",
    "version": "4.3.5"
  },
  "@angular/http": {
    "bundle": "vendors",
    "version": "4.3.5"
  },
  "@angular/router": {
    "bundle": "vendors",
    "version": "4.3.5"
  },
  "@angularclass/hmr": {
    "bundle": "vendors",
    "version": "2.1.3"
  },
  "rxjs": {
    "bundle": "vendors",
    "version": "5.4.3"
  },
  "jwt-decode": {
    "bundle": "vendors",
    "version": "2.2.0"
  }
}